{"cameraMode":{"drawMode":0,"name":"Shaded","section":"Shading Mode"},"sceneLighting":true,"audioPlay":false,"sceneViewState":{"m_AlwaysRefresh":false,"showFog":true,"showSkybox":true,"showFlares":true,"showImageEffects":false,"showParticleSystems":true,"showVisualEffectGraphs":true,"m_FxEnabled":true},"in2DMode":false,"pivot":{"x":111.7472152709961,"y":266.4727478027344,"z":131.56356811523438},"rotation":{"x":0.5323754549026489,"y":0.06714211404323578,"z":-0.042413242161273959,"w":0.8427748084068298},"size":224.7029571533203,"orthographic":true}