{"cameraMode":{"drawMode":0,"name":"Shaded","section":"Shading Mode"},"sceneLighting":true,"audioPlay":false,"sceneViewState":{"m_AlwaysRefresh":false,"showFog":true,"showSkybox":false,"showFlares":true,"showImageEffects":true,"showParticleSystems":true,"showVisualEffectGraphs":true,"m_FxEnabled":true},"in2DMode":false,"pivot":{"x":25.76000213623047,"y":5.400030136108398,"z":0.0018253326416015626},"rotation":{"x":0.3648844361305237,"y":0.0038886861875653269,"z":-0.0015215483726933599,"w":0.9310756921768189},"size":36.37306594848633,"orthographic":false}