{"cameraMode":{"drawMode":0,"name":"Shaded","section":"Shading Mode"},"sceneLighting":false,"audioPlay":false,"sceneViewState":{"m_AlwaysRefresh":false,"showFog":true,"showSkybox":false,"showFlares":true,"showImageEffects":true,"showParticleSystems":true,"showVisualEffectGraphs":true,"m_FxEnabled":true},"in2DMode":false,"pivot":{"x":-3.1930649280548097,"y":2.1659350395202638,"z":1.663988471031189},"rotation":{"x":0.19819201529026032,"y":0.7025247812271118,"z":-0.21454569697380067,"w":0.6489744782447815},"size":1.5663957595825196,"orthographic":false}